cajero,fecha,num averias,target
T17015B1,"01/03/2016 10:09:20,000000000",4,1
T13173E1,"01/03/2016 10:11:30,000000000",1,1
T17076F1,"01/03/2016 12:34:22,000000000",1,1
T10198C1,"01/03/2016 13:23:15,000000000",1,1
T13291B1,"01/03/2016 15:42:40,000000000",5,1
T17015B1,"02/03/2016 10:58:08,000000000",5,1
T12392C1,"03/03/2016 08:58:57,000000000",0,1
T10255B1,"03/03/2016 12:35:36,000000000",2,1
T10079B1,"03/03/2016 18:11:11,001000000",1,1
T18689C1,"04/03/2016 09:03:00,000000000",2,1
T12930B1,"04/03/2016 09:44:35,000000000",1,1
T16157B1,"04/03/2016 11:03:11,000000000",1,1
T12061C1,"04/03/2016 13:06:05,000000000",1,1
T17076F1,"07/03/2016 09:20:06,000000000",2,1
T10891B1,"07/03/2016 10:41:54,000000000",2,1
T10371B1,"07/03/2016 10:44:50,000000000",4,1
T10255C1,"07/03/2016 11:35:06,000000000",1,1
T10571B1,"08/03/2016 08:49:05,000000000",1,1
T17080B1,"08/03/2016 08:59:30,000000000",3,1
T10371B1,"08/03/2016 09:02:39,000000000",5,1
T10964B1,"08/03/2016 09:06:09,000000000",3,1
T16091B1,"08/03/2016 09:17:16,000000000",2,1
T16436B1,"08/03/2016 10:15:02,000000000",1,1
T16157B1,"08/03/2016 11:53:55,000000000",2,1
T11246B1,"08/03/2016 15:11:36,000000000",1,1
T14220D1,"09/03/2016 10:26:34,000000000",1,1
T14924D1,"11/03/2016 09:03:12,000000000",0,1
T15873D1,"11/03/2016 10:41:47,000000000",1,1
T14268C1,"14/03/2016 09:20:24,000000000",1,1
T16157B1,"14/03/2016 11:58:35,000000000",3,1
T15150D1,"14/03/2016 15:08:33,000000000",2,1
T10594C1,"15/03/2016 09:23:10,000000000",2,1
T10130C1,"15/03/2016 10:44:17,000000000",2,1
T10198C1,"15/03/2016 11:05:02,000000000",3,1
T10619C1,"15/03/2016 11:25:14,000000000",2,1
T12120B1,"16/03/2016 13:59:48,000000000",2,1
T10731B1,"16/03/2016 14:39:37,000000000",2,1
T12014C1,"16/03/2016 14:48:25,000000000",2,1
T12120B1,"16/03/2016 15:22:37,000000000",3,1
T12014C1,"16/03/2016 16:38:59,000000000",3,1
T10456C1,"17/03/2016 18:11:50,000000000",1,1
T12731B1,"18/03/2016 10:29:28,000000000",1,1
T16925B1,"18/03/2016 10:56:14,000000000",1,1
T10371B1,"18/03/2016 11:14:20,000000000",6,1
T10130C1,"21/03/2016 08:26:48,000000000",2,1
T16552C1,"21/03/2016 12:35:58,000000000",1,1
T10255B1,"23/03/2016 14:58:25,000000000",4,1
T10451E1,"23/03/2016 15:02:23,000000000",1,1
T12944B1,"23/03/2016 15:17:51,000000000",1,1
T14114C1,"24/03/2016 11:08:06,000000000",1,1
T10559B1,"29/03/2016 09:19:06,000000000",2,1
T14220D1,"29/03/2016 09:55:28,000000000",2,1
T12392C1,"29/03/2016 12:07:52,000000000",4,1
T12392C1,"29/03/2016 12:09:13,000000000",4,1
T10594C1,"29/03/2016 14:59:25,000000000",3,1
T11269B1,"30/03/2016 09:20:11,000000000",1,1
T17080B1,"30/03/2016 15:28:28,000000000",2,1
T17080B1,"30/03/2016 15:29:12,000000000",3,1
T16711C1,"31/03/2016 11:42:04,000000000",1,1
T12061C1,"31/03/2016 18:56:46,000000000",2,1
T11939B1,"01/04/2016 11:56:47,000000000",1,1
T10130C1,"01/04/2016 14:09:33,000000000",3,1
T10079B1,"04/04/2016 08:06:30,000000000",0,1
T19034C1,"04/04/2016 09:26:01,000000000",1,1
T14114C1,"04/04/2016 13:46:58,000000000",2,1
T18689C1,"05/04/2016 09:07:13,000000000",1,1
T12944D1,"05/04/2016 09:56:17,000000000",1,1
T16982C1,"05/04/2016 11:14:29,000000000",1,1
T19034C1,"05/04/2016 11:17:49,000000000",2,1
T10594C1,"05/04/2016 12:57:24,000000000",3,1
T14001B1,"06/04/2016 09:14:05,000000000",1,1
T11937C1,"07/04/2016 09:54:46,000000000",4,1
T13066C1,"07/04/2016 10:20:37,000000000",1,1
T14001B1,"07/04/2016 10:36:39,000000000",2,1
T19787B1,"08/04/2016 10:08:08,000000000",1,1
T11345C1,"08/04/2016 11:09:17,000000000",1,1
T10130C1,"08/04/2016 13:05:35,000000000",4,1
T11025B1,"08/04/2016 14:04:42,000000000",1,1
T16925B1,"11/04/2016 13:13:16,000000000",2,1
T15791B1,"11/04/2016 14:18:51,000000000",1,1
T16711C1,"11/04/2016 15:07:04,000000000",4,1
T16552C1,"11/04/2016 17:04:50,001000000",2,1
T10456C1,"12/04/2016 11:44:04,000000000",2,1
T12930B1,"13/04/2016 07:41:42,000000000",0,1
T16091B1,"13/04/2016 12:05:33,000000000",1,1
T16925B1,"14/04/2016 13:08:15,000000000",3,1
T10130C1,"15/04/2016 13:43:57,000000000",4,1
T16828C1,"18/04/2016 09:45:56,000000000",1,1
T14951B1,"18/04/2016 12:22:20,000000000",1,1
T12061C1,"18/04/2016 15:16:48,000000000",2,1
T10371B1,"21/04/2016 09:09:14,000000000",2,1
T10371B1,"21/04/2016 09:10:50,000000000",2,1
T17080B1,"21/04/2016 09:35:30,000000000",2,1
T18163B1,"22/04/2016 10:20:17,000000000",1,1
T16828C1,"22/04/2016 12:01:19,000000000",3,1
T10861B1,"25/04/2016 11:28:17,000000000",1,1
T10255C1,"26/04/2016 08:44:25,000000000",1,1
T10130C1,"26/04/2016 09:35:24,001000000",4,1
T14951B1,"26/04/2016 10:07:09,000000000",2,1
T10559B1,"26/04/2016 10:35:31,000000000",3,1
T18321B1,"26/04/2016 12:09:12,000000000",1,1
T11345C1,"27/04/2016 11:05:28,000000000",2,1
T13146C1,"27/04/2016 11:13:00,000000000",0,1
T17080B1,"28/04/2016 09:27:34,000000000",4,1
T18321B1,"28/04/2016 10:15:29,000000000",2,1
T10371B1,"28/04/2016 12:18:42,000000000",3,1
T13146C1,"28/04/2016 12:38:35,000000000",2,1
T13146C1,"28/04/2016 13:57:00,000000000",2,1
T10501B1,"28/04/2016 14:54:18,000000000",1,1
T10198C1,"29/04/2016 09:02:12,000000000",2,1
T10731B1,"29/04/2016 13:19:54,000000000",0,1
T11600E1,"30/04/2016 12:39:30,000000000",0,1
T10079B1,"03/05/2016 07:20:29,001000000",1,1
T10501B1,"03/05/2016 09:27:29,000000000",2,1
T16091B1,"03/05/2016 11:22:50,000000000",2,1
T10731B1,"03/05/2016 11:29:07,000000000",1,1
T10594C1,"03/05/2016 12:58:38,000000000",2,1
T10371B1,"03/05/2016 13:42:22,000000000",4,1
T10130C1,"04/05/2016 09:38:56,000000000",4,1
T10628C1,"05/05/2016 09:39:40,000000000",1,1
T10619C1,"05/05/2016 10:14:52,000000000",1,1
T17076F1,"06/05/2016 10:09:43,000000000",0,1
T17015B1,"06/05/2016 15:08:19,000000000",3,1
T10212B1,"09/05/2016 08:50:29,000000000",2,1
T16828C1,"09/05/2016 09:34:14,000000000",4,1
T12930B1,"09/05/2016 10:00:12,000000000",2,1
T10005E1,"09/05/2016 13:16:10,000000000",1,1
T15791B1,"10/05/2016 09:22:38,000000000",2,1
T10409C1,"10/05/2016 11:23:07,000000000",1,1
T17015B1,"11/05/2016 11:25:00,000000000",3,1
T12766C1,"11/05/2016 14:22:37,000000000",1,1
T12120B1,"12/05/2016 14:00:58,000000000",1,1
T10079B1,"13/05/2016 09:18:27,000000000",2,1
T10964B1,"13/05/2016 09:47:17,000000000",2,1
T10891B1,"13/05/2016 10:13:04,000000000",1,1
T14220D1,"16/05/2016 09:32:20,000000000",1,1
T17015B1,"16/05/2016 12:24:32,001000000",4,1
T10628C1,"18/05/2016 09:30:20,000000000",2,1
T13291B1,"18/05/2016 09:39:59,000000000",1,1
T13961B1,"18/05/2016 10:00:11,000000000",1,1
T13388B1,"19/05/2016 10:33:02,000000000",1,1
T16091B1,"19/05/2016 13:50:54,000000000",2,1
T14770D1,"20/05/2016 13:01:21,000000000",3,1
T16982C1,"23/05/2016 09:35:40,000000000",1,1
T10628C1,"23/05/2016 09:43:05,000000000",3,1
T12944B1,"23/05/2016 10:23:29,000000000",2,1
T10255C1,"23/05/2016 10:40:03,000000000",4,1
T10559B1,"23/05/2016 12:54:25,000000000",2,1
T14268C1,"23/05/2016 15:59:02,000000000",1,1
T16091B1,"24/05/2016 14:40:20,000000000",3,1
T16711C1,"25/05/2016 08:36:58,000000000",1,1
T10371B1,"25/05/2016 10:20:52,000000000",3,1
T10371B1,"25/05/2016 10:45:16,000000000",4,1
T14770D1,"25/05/2016 12:59:46,000000000",3,1
T15036B1,"25/05/2016 16:08:18,000000000",1,1
T10891B1,"26/05/2016 13:06:55,000000000",2,1
T17080B1,"27/05/2016 12:08:22,000000000",2,1
T15791B1,"27/05/2016 13:48:59,000000000",2,1
T10559B1,"27/05/2016 14:53:08,000000000",3,1
T16091B1,"31/05/2016 09:15:55,000000000",3,1
T10628C1,"31/05/2016 09:49:49,000000000",4,1
T13173E1,"31/05/2016 09:51:40,000000000",1,1
T11939B1,"31/05/2016 10:19:46,000000000",1,1
T14268C1,"31/05/2016 11:52:16,000000000",2,1
T10957B1,"31/05/2016 12:33:09,000000000",2,1
T13066C1,"31/05/2016 13:42:15,000000000",2,1
T13066C1,"31/05/2016 13:42:34,000000000",2,1
T10964B1,"01/06/2016 10:14:35,000000000",2,1
T10891B1,"01/06/2016 10:48:08,000000000",3,1
T12930B1,"01/06/2016 19:46:55,000000000",1,1
T11941B1,"02/06/2016 09:07:01,000000000",1,1
T10005E1,"02/06/2016 10:43:21,000000000",2,1
T10409C1,"02/06/2016 15:43:39,000000000",2,1
T16460C1,"03/06/2016 09:47:13,000000000",1,1
T14924D1,"03/06/2016 10:00:11,000000000",1,1
T10731B1,"03/06/2016 10:33:50,000000000",1,1
T10083B1,"03/06/2016 14:50:29,000000000",1,1
T10731B1,"06/06/2016 08:57:40,000000000",2,1
T10619C1,"06/06/2016 09:32:59,000000000",1,1
T10501B1,"08/06/2016 08:09:07,000000000",1,1
T10371B1,"08/06/2016 10:24:05,000000000",3,1
T17015B1,"08/06/2016 11:19:51,000000000",3,1
T16900B1,"10/06/2016 13:26:10,000000000",1,1
T17015B1,"13/06/2016 09:13:09,001000000",3,1
T15150D1,"13/06/2016 15:01:34,000000000",1,1
T19787B1,"14/06/2016 10:51:40,000000000",1,1
T16398B1,"14/06/2016 13:42:23,000000000",1,1
T14268C1,"15/06/2016 08:34:39,000000000",2,1
T16460C1,"15/06/2016 08:49:43,000000000",2,1
T13961B1,"15/06/2016 11:31:04,000000000",2,1
T11025B1,"16/06/2016 09:19:54,000000000",1,1
T15150D1,"17/06/2016 10:35:32,000000000",2,1
T10861B1,"17/06/2016 13:07:06,000000000",1,1
T17076F1,"17/06/2016 14:27:28,000000000",1,1
T17080B1,"20/06/2016 09:14:28,000000000",2,1
T10212B1,"21/06/2016 09:31:06,000000000",1,1
T15150D1,"21/06/2016 14:19:44,000000000",3,1
T15873D1,"21/06/2016 15:02:52,000000000",1,1
T17080B1,"22/06/2016 13:48:04,000000000",3,1
T13291B1,"22/06/2016 16:18:56,000000000",1,1
T11025B1,"22/06/2016 16:30:26,001000000",2,1
T12799B1,"27/06/2016 09:04:59,000000000",1,1
T13066C1,"27/06/2016 09:16:35,000000000",3,1
T11025B1,"27/06/2016 13:11:25,000000000",3,1
T10079B1,"27/06/2016 13:30:48,000000000",2,1
T12799B1,"27/06/2016 13:55:43,000000000",2,1
T16552C1,"28/06/2016 11:18:14,000000000",1,1
T12392C1,"28/06/2016 11:29:59,000000000",1,1
T15791B1,"28/06/2016 11:52:11,000000000",1,1
T17015B1,"28/06/2016 11:54:15,000000000",3,1
T11941B1,"28/06/2016 14:42:30,000000000",3,1
T11681C1,"29/06/2016 10:31:54,000000000",1,1
T17076F1,"29/06/2016 11:14:59,001000000",2,1
T18689C1,"29/06/2016 11:49:27,000000000",1,1
T13066C1,"29/06/2016 13:31:09,000000000",3,1
T11025B1,"29/06/2016 14:19:28,000000000",4,1
T12120B1,"30/06/2016 08:58:22,000000000",1,1
T13066C1,"30/06/2016 11:06:28,000000000",4,1
T19034C1,"01/07/2016 10:05:05,000000000",2,1
T11025B1,"01/07/2016 14:30:10,000000000",5,1
T10255C1,"04/07/2016 11:49:10,000000000",1,1
T16091B1,"05/07/2016 08:48:16,000000000",1,1
T18689C1,"06/07/2016 09:59:41,001000000",2,1
T17566B1,"06/07/2016 09:59:43,000000000",1,1
T11694B1,"06/07/2016 15:25:28,000000000",2,1
T10957B1,"07/07/2016 14:11:44,000000000",1,1
T15873D1,"08/07/2016 21:04:15,000000000",1,1
T12799B1,"11/07/2016 09:08:53,000000000",4,1
T10255B1,"11/07/2016 11:10:50,000000000",1,1
T10594C1,"11/07/2016 11:57:44,000000000",1,1
T13388B1,"11/07/2016 12:59:17,000000000",1,1
T17015B1,"12/07/2016 14:09:23,000000000",6,1
T12731B1,"14/07/2016 13:36:03,000000000",1,1
T10571B1,"14/07/2016 13:41:31,000000000",3,1
T10571B1,"15/07/2016 12:28:13,000000000",7,1
T16091B1,"15/07/2016 14:30:21,000000000",2,1
T17566B1,"15/07/2016 16:18:28,000000000",2,1
T10731B1,"18/07/2016 09:52:59,000000000",1,1
T10501B1,"18/07/2016 10:35:23,000000000",2,1
T10501B1,"18/07/2016 13:52:50,000000000",3,1
T10930C1,"19/07/2016 10:47:46,000000000",1,1
T17076F1,"19/07/2016 11:18:40,000000000",2,1
T12243C1,"19/07/2016 11:27:15,000000000",1,1
T10594C1,"19/07/2016 12:10:16,000000000",2,1
T10079B1,"20/07/2016 11:56:04,000000000",2,1
T10130C1,"21/07/2016 10:32:58,000000000",2,1
T12731B1,"21/07/2016 15:18:36,000000000",2,1
T17080B1,"22/07/2016 09:58:58,000000000",2,1
T12120B1,"25/07/2016 07:46:10,000000000",1,1
T13388B1,"25/07/2016 09:34:43,000000000",2,1
T18321B1,"25/07/2016 10:11:49,000000000",1,1
T11694B1,"25/07/2016 15:11:58,000000000",5,1
T11694B1,"25/07/2016 15:12:16,000000000",5,1
T10198C1,"26/07/2016 09:56:36,000000000",1,1
T17434B1,"26/07/2016 10:50:25,000000000",2,1
T12392C1,"26/07/2016 12:41:12,000000000",2,1
T10861B1,"26/07/2016 14:41:56,000000000",1,1
T16900B1,"27/07/2016 15:18:57,000000000",1,1
T10181E1,"28/07/2016 10:21:46,000000000",1,1
T10559B1,"29/07/2016 13:23:22,000000000",4,1
T15036B1,"01/08/2016 12:26:38,000000000",1,1
T12243C1,"01/08/2016 13:59:29,000000000",2,1
T10861B1,"02/08/2016 14:48:12,000000000",2,1
T12014C1,"03/08/2016 08:41:36,000000000",1,1
T10166C1,"03/08/2016 10:22:50,000000000",1,1
T10628C1,"03/08/2016 11:09:45,000000000",1,1
T16157B1,"03/08/2016 12:06:02,000000000",0,1
T11939B1,"04/08/2016 09:05:27,000000000",1,1
T10371B1,"04/08/2016 13:50:53,000000000",1,1
T11025B1,"04/08/2016 14:17:29,000000000",1,1
T15036B1,"09/08/2016 16:05:02,000000000",2,1
T12930B1,"10/08/2016 09:03:03,000000000",1,1
T10451E1,"11/08/2016 09:56:09,000000000",1,1
T10151C1,"12/08/2016 13:27:35,000000000",1,1
T11939B1,"16/08/2016 09:40:01,000000000",2,1
T10083B1,"17/08/2016 10:49:25,000000000",1,1
T10930C1,"17/08/2016 15:21:49,000000000",2,1
T15873D1,"18/08/2016 08:36:16,000000000",1,1
T16828C1,"18/08/2016 08:52:45,000000000",1,1
T12930B1,"18/08/2016 12:38:55,000000000",2,1
T10371B1,"19/08/2016 11:30:49,000000000",3,1
T10371B1,"19/08/2016 11:31:28,000000000",3,1
T12766C1,"19/08/2016 15:03:00,000000000",1,1
T10181E1,"22/08/2016 13:20:06,000000000",2,1
T10130C1,"22/08/2016 13:21:12,000000000",1,1
T13066C1,"23/08/2016 09:36:58,000000000",1,1
T17434B1,"23/08/2016 09:40:28,000000000",2,1
T12944D1,"23/08/2016 09:42:48,000000000",1,1
T12944D1,"23/08/2016 09:45:21,000000000",2,1
T14207E1,"23/08/2016 11:33:33,000000000",2,1
T11939B1,"23/08/2016 13:07:05,000000000",3,1
T17015B1,"24/08/2016 08:37:38,000000000",4,1
T17080B1,"24/08/2016 12:48:46,000000000",1,1
T11025B1,"24/08/2016 14:58:59,000000000",2,1
T13388B1,"25/08/2016 14:22:36,000000000",0,1
T16091B1,"26/08/2016 15:11:41,000000000",2,1
T16436B1,"29/08/2016 08:35:32,000000000",1,1
T11025B1,"29/08/2016 08:51:56,000000000",3,1
T16398B1,"30/08/2016 15:22:32,000000000",1,1
T10559B1,"01/09/2016 09:55:21,000000000",1,1
T12766C1,"01/09/2016 12:38:24,000000000",2,1
T14770D1,"05/09/2016 10:26:11,000000000",1,1
T11519C1,"05/09/2016 11:06:55,000000000",2,1
T12944D1,"05/09/2016 11:27:41,000000000",3,1
T12944B1,"05/09/2016 11:27:55,000000000",2,1
T16436B1,"07/09/2016 09:17:48,000000000",2,1
T10181E1,"08/09/2016 09:28:05,000000000",2,1
T16460C1,"12/09/2016 13:21:32,001000000",1,1
T10559B1,"12/09/2016 14:38:59,001000000",2,1
T17566B1,"13/09/2016 11:25:34,000000000",2,1
T14220D1,"14/09/2016 09:08:23,000000000",1,1
T10731B1,"14/09/2016 09:16:53,000000000",1,1
T11937C1,"14/09/2016 10:00:03,000000000",2,1
T11941B1,"14/09/2016 10:13:16,000000000",2,1
T14207D1,"15/09/2016 10:51:51,000000000",0,1
T10409C1,"15/09/2016 13:23:20,000000000",1,1
T10731B1,"16/09/2016 09:21:27,000000000",2,1
T10005E1,"16/09/2016 10:55:35,000000000",1,1
T11345C1,"16/09/2016 12:45:51,000000000",1,1
T17911G1,"17/09/2016 13:16:28,000000000",0,1
T16436B1,"19/09/2016 10:32:09,000000000",3,1
T12766C1,"19/09/2016 14:10:11,000000000",2,1
T15036B1,"19/09/2016 15:03:32,000000000",1,1
T10166C1,"21/09/2016 10:24:48,000000000",2,1
T10212B1,"22/09/2016 10:32:22,000000000",3,1
T16436B1,"22/09/2016 13:16:06,001000000",4,1
T15791B1,"22/09/2016 15:40:28,000000000",1,1
T10812E1,"23/09/2016 11:50:20,000000000",1,1
T10812E1,"23/09/2016 13:38:40,000000000",2,1
T16398B1,"23/09/2016 14:56:21,000000000",2,1
T17911G1,"24/09/2016 12:13:12,000000000",2,1
T19034C1,"26/09/2016 09:22:40,000000000",1,1
T14220D1,"26/09/2016 10:43:09,000000000",2,1
T14502B1,"26/09/2016 12:08:17,000000000",1,1
T16900B1,"26/09/2016 14:34:04,000000000",2,1
T14502B1,"26/09/2016 18:59:52,000000000",3,1
T14502B1,"26/09/2016 18:59:53,000000000",3,1
T10456D1,"27/09/2016 09:48:07,001000000",1,1
T14770D1,"27/09/2016 11:16:45,000000000",2,1
T11694B1,"27/09/2016 14:10:24,000000000",1,1
T17205C1,"27/09/2016 15:37:42,000000000",1,1
T16900B1,"28/09/2016 07:52:44,000000000",3,1
T10861B1,"28/09/2016 09:13:59,000000000",1,1
T11600E1,"28/09/2016 10:58:17,000000000",1,1
T16964B1,"28/09/2016 13:10:35,000000000",1,1
T14924D1,"29/09/2016 17:12:14,000000000",1,1
T11937C1,"29/09/2016 19:19:00,000000000",2,1
T11017E1,"29/09/2016 19:59:25,000000000",1,1
T10256E1,"30/09/2016 08:30:10,000000000",1,1
T16900B1,"30/09/2016 12:00:39,000000000",4,1
T12731B1,"30/09/2016 12:05:35,000000000",1,1
T18327D1,"30/09/2016 14:27:59,000000000",1,1
T16376D1,"03/10/2016 01:15:24,000000000",1,1
T15873D1,"03/10/2016 08:44:55,000000000",1,1
T13071B1,"03/10/2016 09:24:04,000000000",2,1
T10814C1,"03/10/2016 09:59:14,001000000",2,1
T17205C1,"03/10/2016 11:08:10,000000000",2,1
T11694B1,"03/10/2016 11:35:41,000000000",2,1
T14924D1,"03/10/2016 12:24:48,000000000",2,1
T14962B1,"03/10/2016 13:09:09,000000000",2,1
T11554D1,"03/10/2016 13:21:16,000000000",4,1
T14502B1,"03/10/2016 16:25:38,000000000",4,1
T16376D1,"04/10/2016 09:19:03,000000000",2,1
T11017E1,"04/10/2016 11:02:41,000000000",1,1
T10559B1,"04/10/2016 12:12:44,000000000",2,1
T14924D1,"04/10/2016 13:37:23,000000000",3,1
T17076F1,"04/10/2016 14:12:31,000000000",1,1
T16964B1,"04/10/2016 17:30:28,000000000",2,1
T18808B1,"05/10/2016 08:58:37,000000000",4,1
T10451E1,"05/10/2016 09:27:21,000000000",1,1
T12897B1,"05/10/2016 10:01:38,000000000",1,1
T13971B1,"05/10/2016 10:42:32,000000000",1,1
T16982C1,"05/10/2016 13:29:03,000000000",1,1
T18142E1,"05/10/2016 15:59:05,000000000",2,1
T10814C1,"06/10/2016 09:17:14,000000000",3,1
T16436B1,"06/10/2016 09:22:39,001000000",4,1
T10731B1,"06/10/2016 11:13:49,000000000",4,1
T15036B1,"06/10/2016 14:01:46,000000000",2,1
T12906I1,"07/10/2016 08:13:26,000000000",2,1
T14212E1,"07/10/2016 08:42:00,000000000",2,1
T11554D1,"07/10/2016 10:44:43,000000000",5,1
T18689C1,"07/10/2016 10:52:16,000000000",2,1
T10814C1,"07/10/2016 11:12:19,000000000",4,1
T16828C1,"07/10/2016 12:12:27,000000000",1,1
T10256E1,"07/10/2016 12:24:03,000000000",2,1
T10731B1,"07/10/2016 12:45:19,000000000",6,1
T12120B1,"07/10/2016 15:47:28,000000000",1,1
T10456C1,"07/10/2016 16:58:50,000000000",1,1
T17205C1,"10/10/2016 08:33:46,000000000",3,1
T12944B1,"10/10/2016 09:15:20,000000000",3,1
T18180C1,"10/10/2016 09:17:29,000000000",3,1
T10212B1,"10/10/2016 10:19:52,000000000",3,1
T10212B1,"10/10/2016 10:22:02,000000000",3,1
T10731B1,"10/10/2016 10:36:49,000000000",8,1
T13406C1,"10/10/2016 11:02:56,000000000",2,1
T11941B1,"10/10/2016 11:48:31,000000000",2,1
T11017E1,"10/10/2016 21:21:25,000000000",3,1
T16376D1,"11/10/2016 09:29:40,000000000",3,1
T10930C1,"11/10/2016 11:57:50,000000000",1,1
T14502B1,"11/10/2016 14:34:04,000000000",5,1
T14962B1,"11/10/2016 17:46:55,000000000",3,1
T10005E1,"11/10/2016 18:09:53,000000000",2,1
T15150D1,"11/10/2016 18:25:24,000000000",1,1
T12944B1,"12/10/2016 20:29:53,000000000",2,1
T10166C1,"13/10/2016 09:59:17,000000000",2,1
T13406C1,"13/10/2016 10:17:52,000000000",3,1
T10731B1,"13/10/2016 10:29:48,000000000",9,1
T14951B1,"13/10/2016 10:30:48,000000000",1,1
T10255B1,"13/10/2016 13:33:41,000000000",2,1
T10382B1,"13/10/2016 13:58:36,000000000",1,1
T16398B1,"13/10/2016 14:50:07,000000000",2,1
T17566B1,"13/10/2016 15:08:46,000000000",1,1
T13971B1,"14/10/2016 09:57:45,000000000",2,1
T16376D1,"14/10/2016 10:01:30,000000000",5,1
T16376D1,"14/10/2016 10:02:16,000000000",5,1
T12731B1,"17/10/2016 10:03:20,000000000",2,1
T19697C1,"17/10/2016 12:55:02,000000000",2,1
T18181C1,"17/10/2016 14:02:22,000000000",1,1
T11615E1,"17/10/2016 17:37:08,000000000",3,1
T18142E1,"18/10/2016 08:46:25,000000000",4,1
T19275D1,"18/10/2016 08:47:14,000000000",1,1
T16436B1,"18/10/2016 09:16:01,000000000",4,1
T10891B1,"18/10/2016 10:34:43,000000000",1,1
T10451E1,"18/10/2016 11:18:32,000000000",2,1
T12944D1,"18/10/2016 14:13:03,000000000",1,1
T10130C1,"19/10/2016 08:24:07,000000000",1,1
T18808B1,"19/10/2016 11:47:36,000000000",5,1
T14212E1,"20/10/2016 08:47:53,000000000",3,1
T11519C1,"20/10/2016 18:13:39,000000000",2,1
T10256E1,"20/10/2016 19:04:29,000000000",3,1
T17205C1,"21/10/2016 10:30:05,000000000",4,1
T10083B1,"24/10/2016 08:54:13,000000000",1,1
T19275D1,"24/10/2016 09:10:04,000000000",2,1
T10501B1,"24/10/2016 14:47:31,000000000",1,1
T12799B1,"24/10/2016 14:58:21,000000000",1,1
T12897B1,"25/10/2016 08:58:02,000000000",2,1
T10731B1,"25/10/2016 14:32:20,000000000",8,1
T18180C1,"25/10/2016 14:32:49,000000000",5,1
T19661D1,"25/10/2016 19:29:32,000000000",0,1
T18808B1,"26/10/2016 09:54:08,000000000",6,1
T10861B1,"26/10/2016 10:35:52,000000000",2,1
T16711C1,"26/10/2016 12:57:50,000000000",1,1
T17080B1,"26/10/2016 13:27:58,000000000",1,1
T14212E1,"26/10/2016 15:02:13,000000000",3,1
T10814C1,"27/10/2016 11:28:00,000000000",4,1
T16982C1,"27/10/2016 13:02:46,000000000",2,1
T19661D1,"27/10/2016 13:08:33,000000000",0,1
T10166C1,"27/10/2016 13:36:24,000000000",2,1
T12120B1,"27/10/2016 16:56:12,000000000",2,1
T10256E1,"27/10/2016 17:41:47,000000000",4,1
T11707E1,"28/10/2016 10:20:59,000000000",2,1
T10409C1,"28/10/2016 13:58:01,000000000",3,1
T16157B1,"31/10/2016 09:17:58,000000000",2,1
T10861B1,"31/10/2016 09:32:33,000000000",2,1
T12944B1,"31/10/2016 09:55:07,000000000",3,1
T16982C1,"31/10/2016 09:59:09,000000000",3,1
T10731B1,"31/10/2016 10:26:46,000000000",9,1
T16964B1,"01/11/2016 05:26:19,000000000",2,1
T10130C1,"02/11/2016 08:30:46,000000000",2,1
T15873D1,"02/11/2016 09:05:38,000000000",1,1
T14770D1,"02/11/2016 10:01:36,000000000",1,1
T12799B1,"02/11/2016 10:16:01,000000000",2,1
T10814C1,"02/11/2016 11:25:18,000000000",4,1
T19661D1,"02/11/2016 13:55:23,000000000",3,1
T19275D1,"02/11/2016 16:06:14,000000000",3,1
T10812E1,"02/11/2016 16:22:48,000000000",3,1
T12392C1,"03/11/2016 08:54:28,000000000",1,1
T13961B1,"03/11/2016 11:08:07,000000000",0,1
T10151C1,"03/11/2016 12:16:10,000000000",2,1
T11554D1,"03/11/2016 12:59:34,000000000",2,1
T15791B1,"03/11/2016 13:32:26,000000000",1,1
T18181C1,"03/11/2016 13:44:48,000000000",2,1
T18327D1,"03/11/2016 14:23:58,000000000",1,1
T12906I1,"03/11/2016 15:32:04,000000000",4,1
T16323B1,"03/11/2016 15:53:08,000000000",1,1
T10812E1,"04/11/2016 10:30:59,000000000",4,1
T11600E1,"04/11/2016 11:33:05,000000000",1,1
T11615E1,"04/11/2016 12:36:14,000000000",3,1
T18683D1,"07/11/2016 08:16:40,000000000",2,1
T10083B1,"07/11/2016 12:08:49,000000000",2,1
T10628C1,"07/11/2016 12:48:10,000000000",1,1
T13961B1,"07/11/2016 14:22:19,000000000",2,1
T18683D1,"07/11/2016 15:15:02,000000000",3,1
T11519C1,"07/11/2016 18:55:10,000000000",4,1
T11025B1,"08/11/2016 12:04:31,000000000",1,1
T14207E1,"08/11/2016 12:53:25,000000000",1,1
T16398B1,"08/11/2016 14:26:10,000000000",3,1
T11017E1,"09/11/2016 08:52:25,000000000",2,1
T16964B1,"09/11/2016 11:34:13,000000000",2,1
T10130C1,"10/11/2016 10:45:33,000000000",3,1
T10409C1,"10/11/2016 11:28:37,000000000",5,1
T16982C1,"10/11/2016 11:45:14,000000000",2,1
T14962B1,"11/11/2016 11:25:32,000000000",1,1
T17015B1,"11/11/2016 12:33:17,000000000",2,1
T18808B1,"14/11/2016 09:58:32,000000000",4,1
T18366B1,"14/11/2016 10:26:10,000000000",2,1
T14114C1,"14/11/2016 10:55:30,000000000",1,1
T16964B1,"14/11/2016 11:26:15,000000000",3,1
T10005E1,"14/11/2016 13:39:12,000000000",1,1
T12061C1,"15/11/2016 08:46:15,000000000",1,1
T16828C1,"15/11/2016 11:44:23,000000000",1,1
T19697C1,"15/11/2016 14:40:12,000000000",2,1
T19697C1,"15/11/2016 15:46:45,000000000",3,1
T10212B1,"16/11/2016 08:21:29,000000000",1,1
T11554D1,"16/11/2016 09:43:17,000000000",2,1
T10255B1,"16/11/2016 10:59:41,000000000",1,1
T10501B1,"16/11/2016 13:25:28,000000000",2,1
T10382B1,"16/11/2016 14:21:15,000000000",2,1
T18142E1,"16/11/2016 15:35:05,000000000",3,1
T14220D1,"17/11/2016 09:39:04,000000000",1,1
T11269B1,"17/11/2016 12:40:03,000000000",1,1
T19661D1,"17/11/2016 18:51:54,000000000",3,1
T13406C1,"18/11/2016 10:13:58,000000000",2,1
T14924D1,"18/11/2016 11:01:58,000000000",1,1
T18321B1,"18/11/2016 11:27:31,000000000",1,1
T16376D1,"18/11/2016 12:16:06,000000000",2,1
T11615E1,"18/11/2016 12:25:43,000000000",2,1
T14924D1,"18/11/2016 12:34:31,000000000",2,1
T18327D1,"20/11/2016 16:59:04,000000000",1,1
T16925B1,"21/11/2016 09:48:05,000000000",2,1
T10409C1,"21/11/2016 12:34:30,000000000",5,1
T16376D1,"21/11/2016 15:01:28,000000000",2,1
T12944D1,"22/11/2016 14:48:12,000000000",1,1
T11373E1,"22/11/2016 15:24:56,000000000",4,1
T12061C1,"23/11/2016 13:51:04,000000000",2,1
T10212B1,"23/11/2016 14:14:22,001000000",2,1
T18321B1,"24/11/2016 10:16:10,000000000",2,1
T12014C1,"25/11/2016 09:41:53,000000000",2,1
T11937C1,"25/11/2016 10:46:55,000000000",2,1
T14502B1,"25/11/2016 10:47:12,000000000",1,1
T16900B1,"25/11/2016 14:52:42,000000000",2,1
T16982C1,"28/11/2016 09:31:37,000000000",3,1
T11389D1,"28/11/2016 10:23:43,000000000",1,1
T10079B1,"28/11/2016 10:46:32,000000000",1,1
T17205C1,"28/11/2016 11:02:27,000000000",1,1
T11681C1,"28/11/2016 11:38:59,000000000",1,1
T19787B1,"28/11/2016 11:56:41,000000000",1,1
T14770D1,"29/11/2016 07:30:06,000000000",2,1
T14220D1,"29/11/2016 08:29:23,000000000",2,1
T10079B1,"29/11/2016 10:12:50,000000000",2,1
T14143D1,"29/11/2016 12:25:50,000000000",1,1
T12799B1,"29/11/2016 14:55:03,000000000",2,1
T18327D1,"30/11/2016 07:46:05,000000000",3,1
T18808B1,"30/11/2016 09:42:52,000000000",4,1
T14212E1,"30/11/2016 15:46:42,000000000",1,1
T10151C1,"30/11/2016 16:39:17,000000000",3,1
T11373E1,"01/12/2016 11:27:25,000000000",5,1
T11615E1,"01/12/2016 15:10:08,000000000",3,1
T10371B1,"02/12/2016 10:25:32,000000000",3,1
T11554D1,"02/12/2016 13:24:37,000000000",3,1
T10814C1,"02/12/2016 14:35:23,000000000",3,1
T11681C1,"02/12/2016 14:56:24,000000000",2,1
T12906I1,"02/12/2016 15:37:08,000000000",3,1
T10181E1,"02/12/2016 17:43:57,000000000",0,1
T16900B1,"02/12/2016 20:16:14,000000000",2,1
T16556Z1,"05/12/2016 08:39:44,000000000",1,1
T12897B1,"05/12/2016 08:52:00,000000000",1,1
T12897B1,"05/12/2016 08:59:22,000000000",2,1
T12392C1,"05/12/2016 09:37:44,000000000",1,1
T10083B1,"05/12/2016 09:46:23,000000000",2,1
T16711C1,"05/12/2016 12:41:46,000000000",0,1
T13071B1,"07/12/2016 08:29:08,000000000",1,1
T10814C1,"07/12/2016 10:42:25,000000000",4,1
T15791B1,"07/12/2016 11:42:58,000000000",1,1
T11017E1,"09/12/2016 08:35:18,000000000",2,1
T16091B1,"09/12/2016 10:26:11,000000000",1,1
T10256E1,"09/12/2016 12:55:42,000000000",1,1
T11939B1,"09/12/2016 14:12:23,000000000",1,1
T17780C1,"09/12/2016 14:32:45,000000000",1,1
T16556Z1,"09/12/2016 15:20:47,000000000",2,1
T19697C1,"10/12/2016 07:08:48,000000000",2,1
T10403B1,"12/12/2016 10:46:56,000000000",1,1
T18181C1,"12/12/2016 12:58:57,000000000",1,1
T11389D1,"12/12/2016 13:10:28,000000000",2,1
T16552C1,"12/12/2016 13:26:07,000000000",1,1
T17780C1,"12/12/2016 14:33:08,000000000",2,1
T10957B1,"12/12/2016 14:50:15,000000000",1,1
T14207D1,"12/12/2016 15:51:23,000000000",1,1
T11519C1,"12/12/2016 16:20:25,000000000",1,1
T10957B1,"12/12/2016 17:03:59,001000000",2,1
T10559B1,"12/12/2016 18:11:18,000000000",1,1
T11615E1,"12/12/2016 18:19:40,000000000",3,1
T11017E1,"13/12/2016 08:29:18,000000000",2,1
T11269B1,"13/12/2016 09:20:26,000000000",2,1
T18366B1,"13/12/2016 09:31:13,000000000",2,1
T14143D1,"13/12/2016 10:45:31,000000000",2,1
T16556Z1,"13/12/2016 12:41:40,000000000",3,1
T14114C1,"13/12/2016 14:39:06,000000000",3,1
T10456D1,"13/12/2016 16:46:09,000000000",2,1
T17205C1,"14/12/2016 10:44:04,000000000",2,1
T11269B1,"14/12/2016 11:57:51,000000000",3,1
T18683D1,"14/12/2016 13:24:31,000000000",1,1
T10930C1,"14/12/2016 15:11:18,000000000",1,1
T16900B1,"15/12/2016 10:39:46,000000000",4,1
T11707E1,"16/12/2016 09:46:28,000000000",1,1
T18142E1,"16/12/2016 14:29:52,000000000",2,1
T10151C1,"16/12/2016 15:34:33,000000000",2,1
T11707E1,"19/12/2016 08:55:41,000000000",2,1
T13406C1,"19/12/2016 09:28:03,000000000",1,1
T17205C1,"19/12/2016 10:00:55,000000000",3,1
T16556Z1,"19/12/2016 10:11:24,000000000",4,1
T12014C1,"19/12/2016 11:54:09,000000000",3,1
T15036B1,"19/12/2016 21:41:43,000000000",0,1
T10814C1,"19/12/2016 22:30:16,000000000",3,1
T16556Z1,"20/12/2016 11:32:39,000000000",6,1
T14502B1,"20/12/2016 13:59:57,000000000",4,1
T19697C1,"21/12/2016 08:59:53,000000000",2,1
T17205C1,"21/12/2016 10:47:57,000000000",4,1
T12243C1,"21/12/2016 13:32:28,000000000",1,1
T18808B1,"21/12/2016 17:32:43,000000000",2,1
T11373E1,"22/12/2016 12:39:35,000000000",3,1
T10731B1,"22/12/2016 13:15:25,000000000",1,1
T12897B1,"23/12/2016 09:03:07,000000000",3,1
T14268C1,"23/12/2016 15:05:54,000000000",1,1
T12944B1,"26/12/2016 14:55:39,000000000",2,1
T11373E1,"27/12/2016 08:59:01,000000000",3,1
T11017E1,"27/12/2016 08:59:13,000000000",3,1
T18163B1,"27/12/2016 10:34:33,000000000",1,1
T14951B1,"27/12/2016 11:29:36,000000000",1,1
T14268C1,"27/12/2016 12:19:04,000000000",3,1
T18808B1,"27/12/2016 12:30:05,000000000",3,1
T16900B1,"27/12/2016 12:50:29,000000000",3,1
T11373E1,"27/12/2016 14:20:32,000000000",4,1
T19275D1,"27/12/2016 14:44:46,000000000",1,1
T11519C1,"27/12/2016 15:39:15,000000000",2,1
T19787B1,"28/12/2016 10:04:08,000000000",2,1
T14502B1,"28/12/2016 11:05:00,000000000",4,1
T16376D1,"28/12/2016 15:22:26,000000000",1,1
T11025B1,"28/12/2016 15:52:17,000000000",1,1
T17434B1,"29/12/2016 10:28:07,000000000",1,1
T16091B1,"29/12/2016 12:55:23,000000000",3,1
T19275D1,"29/12/2016 17:46:25,000000000",2,1
T11554D1,"30/12/2016 09:11:09,000000000",2,1
T14207E1,"30/12/2016 15:35:42,000000000",2,1
T16556Z1,"30/12/2016 16:07:42,000000000",8,1
T10861B1,"01/01/2017 08:00:00,000000000",0,1
T13961B1,"02/01/2017 09:50:48,001000000",1,1
T16157B1,"02/01/2017 11:22:51,000000000",1,1
T11694B1,"03/01/2017 09:18:39,000000000",1,1
T18142E1,"03/01/2017 09:55:02,000000000",2,1
T14924D1,"03/01/2017 10:39:50,000000000",1,1
T12766C1,"03/01/2017 12:21:28,000000000",0,1
T17080B1,"03/01/2017 12:30:48,000000000",1,1
T10731B1,"03/01/2017 15:05:54,000000000",2,1
T10812E1,"03/01/2017 16:18:00,000000000",1,1
T10812E1,"03/01/2017 18:08:00,000000000",1,1
T11939B1,"04/01/2017 00:29:16,000000000",1,1
T12731B1,"04/01/2017 08:17:51,000000000",0,1
T10083B1,"04/01/2017 11:44:29,000000000",1,1
T11694B1,"04/01/2017 14:46:04,000000000",2,1
T12930B1,"04/01/2017 16:38:05,000000000",1,1
T10256E1,"04/01/2017 17:22:04,000000000",3,1
T11389D1,"04/01/2017 18:47:08,000000000",2,1
T13071B1,"05/01/2017 01:16:38,000000000",2,1
T10814C1,"05/01/2017 09:23:15,000000000",3,1
T16964B1,"05/01/2017 10:25:29,000000000",1,1
T16900B1,"05/01/2017 14:13:11,000000000",3,1
T10456D1,"05/01/2017 15:52:23,000000000",2,1
T16925B1,"05/01/2017 16:34:04,000000000",1,1
T19661D1,"05/01/2017 18:48:24,000000000",0,1
T16556Z1,"07/01/2017 16:30:00,000000000",7,1
T10814C1,"09/01/2017 08:31:46,000000000",3,1
T11939B1,"09/01/2017 09:25:24,000000000",2,1
T12014C1,"09/01/2017 10:08:43,000000000",2,1
T17780C1,"09/01/2017 10:46:26,000000000",4,1
T17780C1,"09/01/2017 10:46:53,000000000",4,1
T10812E1,"09/01/2017 10:54:16,000000000",3,1
T11939B1,"09/01/2017 14:05:01,000000000",3,1
T15150D1,"09/01/2017 15:26:42,000000000",1,1
T18689C1,"10/01/2017 08:03:53,000000000",1,1
T10957B1,"10/01/2017 09:10:34,000000000",3,1
T14114C1,"10/01/2017 14:36:45,000000000",2,1
T15791B1,"10/01/2017 14:44:53,001000000",1,1
T10409C1,"10/01/2017 14:59:58,000000000",3,1
T11345C1,"10/01/2017 17:05:38,000000000",1,1
T14207D1,"10/01/2017 17:54:09,000000000",2,1
T12243C1,"11/01/2017 10:01:24,000000000",2,1
T12243C1,"11/01/2017 12:02:40,000000000",3,1
T10812E1,"11/01/2017 14:25:39,000000000",4,1
T10456C1,"11/01/2017 15:06:05,000000000",1,1
T16925B1,"12/01/2017 09:45:13,000000000",2,1
T11941B1,"12/01/2017 10:32:56,000000000",1,1
T13071B1,"12/01/2017 15:09:16,000000000",2,1
T11519C1,"12/01/2017 16:29:21,000000000",2,1
T10005E1,"13/01/2017 11:46:20,000000000",2,1
T17205C1,"13/01/2017 19:31:18,000000000",3,1
T11389D1,"16/01/2017 12:22:01,000000000",2,1
T16556Z1,"16/01/2017 12:39:20,000000000",9,1
T17780C1,"16/01/2017 13:23:10,000000000",4,1
T11941B1,"17/01/2017 10:30:37,000000000",2,1
T11373E1,"17/01/2017 11:36:16,000000000",4,1
T12944D1,"17/01/2017 12:38:39,000000000",1,1
T10957B1,"17/01/2017 14:57:21,000000000",2,1
T13066C1,"17/01/2017 16:18:00,000000000",1,1
T16556Z1,"18/01/2017 12:10:20,000000000",9,1
T13154C1,"18/01/2017 14:36:45,000000000",1,1
T14143D1,"19/01/2017 08:36:10,000000000",1,1
T19275D1,"19/01/2017 18:18:28,000000000",3,1
T14502B1,"20/01/2017 10:13:53,000000000",2,1
T10619C1,"20/01/2017 12:47:02,000000000",1,1
T16925B1,"23/01/2017 10:05:36,000000000",3,1
T14502B1,"23/01/2017 10:14:30,000000000",3,1
T10403B1,"23/01/2017 11:07:05,000000000",1,1
T11937C1,"24/01/2017 09:43:41,000000000",1,1
T16925B1,"24/01/2017 13:58:16,000000000",4,1
T18327D1,"24/01/2017 14:17:21,000000000",1,1
T19275D1,"25/01/2017 14:10:26,000000000",4,1
T16900B1,"26/01/2017 13:27:38,000000000",2,1
T10079B1,"26/01/2017 13:46:13,000000000",1,1
T14502B1,"26/01/2017 14:41:25,000000000",4,1
T12766C1,"27/01/2017 08:12:20,000000000",1,1
T10371B1,"27/01/2017 12:04:46,000000000",1,1
T14143D1,"27/01/2017 13:16:08,000000000",2,1
T19697C1,"28/01/2017 13:17:55,000000000",2,1
T14114C1,"28/01/2017 16:10:30,000000000",1,1
T16552C1,"30/01/2017 11:39:25,000000000",1,1
T10403B1,"30/01/2017 14:30:30,001000000",2,1
T13961B1,"30/01/2017 14:46:24,000000000",2,1
T14114C1,"30/01/2017 15:28:43,000000000",3,1
T11017E1,"30/01/2017 19:55:56,000000000",0,1
T19697C1,"30/01/2017 20:20:17,000000000",2,1
T12731B1,"31/01/2017 08:39:27,000000000",2,1
T18321B1,"31/01/2017 11:00:51,000000000",2,1
T14114C1,"31/01/2017 13:54:25,000000000",4,1
T12392C1,"31/01/2017 14:55:44,000000000",1,1
T11519C1,"31/01/2017 16:48:47,000000000",3,1
T15036B1,"01/02/2017 10:05:06,000000000",1,1
T13066C1,"01/02/2017 12:07:55,000000000",2,1
T16925B1,"01/02/2017 13:51:50,000000000",5,1
T14268C1,"01/02/2017 16:44:23,000000000",2,1
T10814C1,"01/02/2017 18:54:15,000000000",2,1
T16157B1,"02/02/2017 09:43:37,000000000",2,1
T15791B1,"02/02/2017 15:02:02,001000000",2,1
T16925B1,"03/02/2017 08:42:36,000000000",6,1
T18327D1,"03/02/2017 08:57:43,000000000",2,1
T11615E1,"03/02/2017 13:54:51,000000000",1,1
T11345C1,"03/02/2017 16:15:05,000000000",2,1
T18689C1,"06/02/2017 08:48:17,000000000",2,1
T16091B1,"06/02/2017 09:00:47,000000000",1,1
T17780C1,"06/02/2017 11:09:01,000000000",4,1
T16436B1,"06/02/2017 12:10:08,000000000",1,1
T17076F1,"06/02/2017 13:55:35,000000000",1,1
T12243C1,"06/02/2017 14:55:41,000000000",3,1
T14268C1,"06/02/2017 15:17:51,000000000",6,1
T14143D1,"07/02/2017 11:36:22,000000000",3,1
T16711C1,"07/02/2017 12:40:39,000000000",0,1
T11519C1,"07/02/2017 16:17:44,000000000",4,1
T18683D1,"07/02/2017 17:57:22,000000000",1,1
T14951B1,"08/02/2017 09:47:31,000000000",1,1
T10456C1,"08/02/2017 14:44:43,000000000",2,1
T18142E1,"09/02/2017 11:32:57,000000000",2,1
T11017E1,"09/02/2017 16:49:57,000000000",2,1
T11554D1,"09/02/2017 18:48:16,000000000",1,1
T10594C1,"10/02/2017 07:43:15,000000000",1,1
T11246B1,"10/02/2017 15:08:48,000000000",1,1
T10456C1,"13/02/2017 10:09:53,000000000",2,1
T10256E1,"13/02/2017 10:26:54,000000000",1,1
T14207E1,"13/02/2017 12:38:51,000000000",1,1
T14268C1,"13/02/2017 16:53:48,000000000",9,1
T14207E1,"14/02/2017 10:45:27,000000000",1,1
T14268C1,"14/02/2017 16:37:52,000000000",11,1
T19275D1,"15/02/2017 09:00:22,000000000",3,1
T14268C1,"15/02/2017 15:13:59,000000000",13,1
T12766C1,"16/02/2017 15:33:42,000000000",7,1
T12766C1,"16/02/2017 15:34:41,000000000",8,1
T18689C1,"17/02/2017 09:13:26,000000000",2,1
T14207E1,"17/02/2017 13:59:25,000000000",3,1
T15150D1,"18/02/2017 12:48:39,000000000",0,1
T15036B1,"19/02/2017 15:07:44,000000000",1,1
T16711C1,"20/02/2017 08:43:44,000000000",2,1
T14502B1,"20/02/2017 08:59:07,000000000",3,1
T12799B1,"20/02/2017 09:35:57,000000000",1,1
T11017E1,"21/02/2017 09:43:18,000000000",4,1
T10501B1,"22/02/2017 08:31:09,000000000",1,1
T13971B1,"22/02/2017 14:03:20,000000000",1,1
T15036B1,"22/02/2017 14:16:55,000000000",3,1
T11554D1,"23/02/2017 01:39:47,001000000",2,1
T14207E1,"23/02/2017 10:12:36,000000000",4,1
T12243C1,"23/02/2017 14:09:28,000000000",2,1
T11017E1,"24/02/2017 10:42:24,000000000",5,1
T16556Z1,"24/02/2017 11:23:04,000000000",1,1
T12897B1,"25/02/2017 08:08:58,000000000",0,1
T16556Z1,"25/02/2017 11:23:02,000000000",2,1
T12766C1,"26/02/2017 13:45:59,000000000",11,1
T13406C1,"27/02/2017 09:41:54,000000000",1,1
T16157B1,"27/02/2017 10:01:44,000000000",3,1
T10198C1,"27/02/2017 11:02:04,000000000",1,1
T14143D1,"27/02/2017 11:09:17,000000000",2,1
T17076F1,"28/02/2017 02:36:21,000000000",1,1
T10861B1,"28/02/2017 08:04:30,000000000",1,1
T11025B1,"28/02/2017 11:04:42,000000000",1,1
T18689C1,"28/02/2017 11:32:28,000000000",3,1
T19697C1,"28/02/2017 15:54:21,000000000",2,1
T18689C1,"01/03/2017 08:33:02,000000000",4,1
T14951B1,"01/03/2017 10:07:33,000000000",2,1
T11017E1,"01/03/2017 12:04:38,000000000",6,1
T15873D1,"01/03/2017 12:35:38,000000000",1,1
T14207E1,"01/03/2017 12:45:56,000000000",5,1
T14207E1,"01/03/2017 12:48:20,000000000",6,1
T14207E1,"01/03/2017 12:56:22,000000000",7,1
T16556Z1,"01/03/2017 13:11:47,000000000",3,1
T11939B1,"01/03/2017 13:14:59,000000000",1,1
T10256E1,"01/03/2017 15:05:08,000000000",2,1
T11025B1,"01/03/2017 17:11:43,000000000",2,1
T10957B1,"02/03/2017 09:23:54,000000000",1,1
T18321B1,"02/03/2017 09:52:49,000000000",2,1
T10255B1,"02/03/2017 15:02:33,000000000",1,1
T16556Z1,"02/03/2017 18:30:45,000000000",5,1
T14924D1,"03/03/2017 09:12:04,000000000",1,1
T12392C1,"03/03/2017 12:18:07,000000000",1,1
T14114C1,"03/03/2017 12:27:35,000000000",1,1
T10451E1,"03/03/2017 17:27:26,000000000",1,1
T14962B1,"03/03/2017 19:17:46,000000000",2,1
T11707E1,"04/03/2017 20:52:10,000000000",0,1
T18142E1,"06/03/2017 08:16:05,000000000",3,1
T10212B1,"06/03/2017 10:45:33,000000000",1,1
T15873D1,"06/03/2017 13:40:53,000000000",2,1
T10371B1,"06/03/2017 14:10:26,000000000",1,1
T10571B1,"07/03/2017 10:18:52,000000000",1,1
T19275D1,"07/03/2017 12:53:57,000000000",2,1
T10198C1,"07/03/2017 14:32:23,000000000",2,1
T11707E1,"07/03/2017 17:07:03,000000000",2,1
T14161C1,"08/03/2017 08:55:12,000000000",1,1
T14951B1,"08/03/2017 10:42:27,000000000",3,1
T16376D1,"08/03/2017 12:58:55,000000000",1,1
T18689C1,"08/03/2017 13:20:46,000000000",4,1
T14212E1,"08/03/2017 14:24:23,000000000",3,1
T11694B1,"08/03/2017 16:31:25,000000000",1,1
T16556Z1,"08/03/2017 22:11:24,000000000",5,1
T10255B1,"09/03/2017 11:40:44,000000000",2,1
T11707E1,"10/03/2017 01:27:13,000000000",2,1
T14962B1,"10/03/2017 01:29:25,001000000",2,1
T10079B1,"10/03/2017 09:11:42,000000000",1,1
T11017E1,"10/03/2017 09:26:24,000000000",6,1
T16376D1,"10/03/2017 11:43:36,000000000",2,1
T18321B1,"10/03/2017 13:16:06,000000000",1,1
T10957B1,"10/03/2017 14:20:00,000000000",3,1
T16157B1,"10/03/2017 15:05:26,000000000",2,1
T12906I1,"10/03/2017 15:36:56,000000000",1,1
T11707E1,"13/03/2017 08:56:36,000000000",4,1
T17080B1,"13/03/2017 09:42:55,000000000",1,1
T14212E1,"13/03/2017 10:42:32,000000000",4,1
T10005E1,"13/03/2017 12:36:23,000000000",1,1
T14924D1,"13/03/2017 13:00:18,000000000",2,1
T11681C1,"13/03/2017 13:59:06,000000000",1,1
T13961B1,"14/03/2017 09:09:39,000000000",1,1
T18366B1,"14/03/2017 12:53:35,000000000",2,1
T11941B1,"15/03/2017 09:25:32,000000000",1,1
T10891B1,"15/03/2017 13:55:05,000000000",1,1
T14962B1,"15/03/2017 14:28:30,000000000",4,1
T14143D1,"16/03/2017 10:12:36,000000000",2,1
T14212E1,"16/03/2017 10:27:19,000000000",5,1
T11939B1,"16/03/2017 14:03:02,000000000",2,1
T14207E1,"16/03/2017 14:18:00,000000000",6,1
T16556Z1,"18/03/2017 16:11:12,000000000",5,1
T10456C1,"20/03/2017 09:48:19,000000000",1,1
T14212E1,"20/03/2017 10:38:27,000000000",6,1
T10456D1,"20/03/2017 10:51:35,000000000",1,1
T14143D1,"20/03/2017 11:25:34,000000000",3,1
T14951B1,"20/03/2017 11:35:18,000000000",3,1
T14212E1,"20/03/2017 12:02:31,000000000",7,1
T14161C1,"20/03/2017 13:08:07,000000000",2,1
T10151C1,"20/03/2017 14:13:24,000000000",1,1
T11694B1,"21/03/2017 10:11:58,000000000",2,1
T12897B1,"21/03/2017 10:20:37,000000000",2,1
T10005E1,"21/03/2017 12:24:12,000000000",2,1
T10079B1,"21/03/2017 16:03:29,000000000",2,1
T11017E1,"22/03/2017 00:48:08,000000000",4,1
T12731B1,"22/03/2017 01:57:18,000000000",0,1
T10594C1,"22/03/2017 08:45:55,000000000",1,1
T11707E1,"22/03/2017 08:55:42,000000000",5,1
T14770D1,"22/03/2017 12:10:30,000000000",1,1
T10501B1,"22/03/2017 12:30:17,000000000",2,1
T19661D1,"24/03/2017 09:05:54,000000000",1,1
T10079B1,"24/03/2017 09:16:21,000000000",3,1
T14212E1,"24/03/2017 10:06:14,000000000",7,1
T16556Z1,"24/03/2017 12:48:59,000000000",7,1
T10891B1,"24/03/2017 13:28:01,000000000",2,1
T16556Z1,"26/03/2017 14:01:54,000000000",6,1
T11269B1,"27/03/2017 09:42:59,001000000",2,1
T14212E1,"27/03/2017 10:12:17,000000000",8,1
T11554D1,"27/03/2017 11:19:14,000000000",2,1
T13961B1,"27/03/2017 13:32:17,000000000",2,1
T10501B1,"28/03/2017 09:30:31,000000000",2,1
T10861B1,"28/03/2017 11:32:01,000000000",1,1
T14207E1,"28/03/2017 14:42:51,000000000",5,1
T16556Z1,"28/03/2017 14:56:39,000000000",7,1
T10005E1,"29/03/2017 09:41:14,000000000",4,1
T11681C1,"29/03/2017 12:49:12,000000000",2,1
T10403B1,"29/03/2017 15:41:37,000000000",1,1
T10891B1,"30/03/2017 09:44:55,000000000",3,1
T18142E1,"30/03/2017 09:53:13,000000000",2,1
T16556Z1,"30/03/2017 10:27:38,000000000",7,1
T16556Z1,"30/03/2017 13:59:16,000000000",9,1
T14962B1,"30/03/2017 15:42:34,000000000",5,1
T11345C1,"30/03/2017 17:38:41,000000000",1,1
T16157B1,"31/03/2017 05:33:43,000000000",1,1
T14502B1,"31/03/2017 08:42:25,000000000",1,1
T10403B1,"31/03/2017 13:49:41,000000000",1,1
T11017E1,"31/03/2017 15:06:44,000000000",3,1
T18327D1,"03/04/2017 05:59:02,000000000",0,1
T16436B1,"03/04/2017 08:38:05,000000000",1,1
T14962B1,"03/04/2017 08:38:53,000000000",5,1
T18321B1,"03/04/2017 13:13:50,000000000",2,1
T16556Z1,"03/04/2017 13:54:23,000000000",8,1
T10812E1,"03/04/2017 14:42:53,000000000",1,1
T19275D1,"04/04/2017 08:51:55,000000000",2,1
T17780C1,"04/04/2017 10:09:43,000000000",1,1
T16556Z1,"04/04/2017 10:19:20,000000000",9,1
T16828C1,"04/04/2017 10:45:34,000000000",1,1
T16436B1,"04/04/2017 11:09:46,000000000",2,1
T14962B1,"04/04/2017 12:07:48,000000000",6,1
T13071B1,"04/04/2017 12:22:51,000000000",1,1
T12243C1,"04/04/2017 12:39:07,000000000",1,1
T14502B1,"04/04/2017 14:08:34,000000000",2,1
T10382B1,"04/04/2017 15:02:13,000000000",1,1
T11269B1,"05/04/2017 08:19:48,000000000",3,1
T17780C1,"05/04/2017 10:31:58,000000000",2,1
T10256E1,"05/04/2017 10:35:54,000000000",1,1
T19697C1,"05/04/2017 12:25:53,000000000",1,1
T10891B1,"05/04/2017 15:05:00,000000000",4,1
T16556Z1,"06/04/2017 10:07:20,000000000",11,1
T10814C1,"06/04/2017 14:40:18,000000000",1,1
T16376D1,"07/04/2017 12:21:24,000000000",3,1
T16900B1,"07/04/2017 15:02:54,000000000",1,1
T10256E1,"07/04/2017 15:03:30,000000000",2,1
T17205C1,"07/04/2017 15:08:20,000000000",1,1
T11937C1,"10/04/2017 11:13:46,000000000",1,1
T10005E1,"10/04/2017 12:46:54,000000000",5,1
T16556Z1,"10/04/2017 18:12:21,000000000",10,1
T17434B1,"10/04/2017 19:16:36,000000000",1,1
T16556Z1,"11/04/2017 08:43:44,000000000",12,1
T19034C1,"11/04/2017 09:16:55,000000000",2,1
T10456C1,"12/04/2017 08:27:51,000000000",2,1
T11345C1,"12/04/2017 12:44:21,000000000",2,1
T10559B1,"12/04/2017 13:28:58,000000000",1,1
T11554D1,"12/04/2017 15:54:34,000000000",2,1
T12944B1,"12/04/2017 15:56:55,000000000",2,1
T12766C1,"13/04/2017 08:41:10,000000000",11,1
T17205C1,"13/04/2017 11:58:18,000000000",2,1
T19661D1,"16/04/2017 12:24:14,000000000",1,1
T14951B1,"17/04/2017 09:14:24,000000000",2,1
T12930B1,"17/04/2017 11:48:46,000000000",1,1
T17566B1,"17/04/2017 18:07:46,000000000",1,1
T10456D1,"18/04/2017 09:01:56,000000000",2,1
T12944D1,"18/04/2017 09:10:40,000000000",1,1
T14962B1,"18/04/2017 12:23:42,000000000",5,1
T12799B1,"19/04/2017 14:36:45,000000000",1,1
T16900B1,"20/04/2017 08:31:11,000000000",2,1
T16556Z1,"20/04/2017 08:44:37,000000000",11,1
T10409C1,"20/04/2017 13:28:19,000000000",1,1
T16964B1,"20/04/2017 14:54:17,000000000",1,1
T18808B1,"20/04/2017 16:44:04,000000000",2,1
T16556Z1,"20/04/2017 18:34:23,000000000",13,1
T10079B1,"21/04/2017 09:59:13,000000000",2,1
T11554D1,"21/04/2017 10:53:12,000000000",4,1
T14502B1,"21/04/2017 13:10:00,000000000",3,1
T17015B1,"21/04/2017 13:32:10,000000000",1,1
T17780C1,"24/04/2017 09:26:04,000000000",3,1
T10079B1,"24/04/2017 13:52:48,000000000",2,1
T11025B1,"24/04/2017 15:37:21,000000000",1,1
T10151C1,"24/04/2017 17:34:54,000000000",1,1
T14962B1,"25/04/2017 02:51:22,000000000",4,1
T11600E1,"25/04/2017 08:17:15,000000000",2,1
T10256E1,"25/04/2017 13:40:48,000000000",3,1
T16925B1,"25/04/2017 14:43:43,000000000",1,1
T18181C1,"26/04/2017 10:26:14,000000000",1,1
T10255C1,"26/04/2017 13:10:49,000000000",1,1
T16556Z1,"26/04/2017 13:23:21,000000000",12,1
T14951B1,"26/04/2017 20:53:10,000000000",1,1
T10571B1,"27/04/2017 08:39:38,000000000",1,1
T16436B1,"27/04/2017 09:19:28,000000000",3,1
T10079B1,"27/04/2017 09:32:20,000000000",3,1
T10079B1,"27/04/2017 10:30:55,000000000",2,1
T13291B1,"27/04/2017 11:54:47,000000000",1,1
T10403B1,"27/04/2017 12:07:05,000000000",3,1
T17434B1,"27/04/2017 14:07:56,000000000",2,1
T19275D1,"27/04/2017 14:33:10,000000000",2,1
T16900B1,"28/04/2017 13:50:25,000000000",3,1
T16556Z1,"01/05/2017 08:14:28,000000000",10,1
T10571B1,"02/05/2017 08:16:17,000000000",2,1
T10079B1,"02/05/2017 09:49:56,000000000",5,1
T13066C1,"02/05/2017 10:52:34,000000000",1,1
T12944B1,"02/05/2017 11:37:22,000000000",3,1
T12944B1,"02/05/2017 11:45:57,000000000",4,1
T10083B1,"02/05/2017 12:45:06,000000000",1,1
T10083B1,"02/05/2017 12:48:43,000000000",2,1
T13291B1,"02/05/2017 14:44:18,000000000",2,1
T16323B1,"03/05/2017 08:04:15,000000000",1,1
T10814C1,"03/05/2017 08:55:40,000000000",2,1
T18689C1,"03/05/2017 09:33:35,000000000",1,1
T16398B1,"03/05/2017 13:11:28,000000000",1,1
T11681C1,"03/05/2017 13:44:04,000000000",1,1
T17566B1,"03/05/2017 15:16:30,000000000",2,1
T11519C1,"03/05/2017 16:11:58,000000000",1,1
T11554D1,"04/05/2017 09:00:01,000000000",3,1
T19034C1,"04/05/2017 09:28:04,000000000",2,1
T16091B1,"04/05/2017 10:01:12,000000000",1,1
T17780C1,"04/05/2017 11:54:16,000000000",3,1
T10198C1,"04/05/2017 12:36:41,000000000",1,1
T10814C1,"04/05/2017 15:28:46,000000000",3,1
T11939B1,"04/05/2017 19:56:49,000000000",1,1
T16556Z1,"05/05/2017 12:52:31,000000000",8,1
T10861B1,"05/05/2017 13:28:42,000000000",1,1
T10964B1,"05/05/2017 15:23:21,000000000",1,1
T10079B1,"08/05/2017 08:42:55,000000000",5,1
T11389D1,"08/05/2017 09:47:29,000000000",1,1
T10814C1,"08/05/2017 09:50:23,000000000",3,1
T10079B1,"08/05/2017 09:53:29,000000000",7,1
T14114C1,"08/05/2017 11:47:32,000000000",2,1
T10409C1,"08/05/2017 13:53:36,000000000",2,1
T14143D1,"08/05/2017 16:45:13,000000000",1,1
T14924D1,"09/05/2017 08:20:45,000000000",1,1
T11025B1,"09/05/2017 09:12:12,000000000",2,1
T17434B1,"09/05/2017 11:20:54,000000000",3,1
T10957B1,"09/05/2017 11:59:16,001000000",1,1
T12944B1,"09/05/2017 15:17:05,000000000",4,1
T12897B1,"10/05/2017 08:31:57,000000000",1,1
T11269B1,"10/05/2017 10:29:23,000000000",1,1
T19787B1,"10/05/2017 11:11:40,000000000",1,1
T16556Z1,"10/05/2017 16:00:34,000000000",9,1
T14962B1,"11/05/2017 09:38:03,000000000",4,1
T12906I1,"11/05/2017 12:17:15,000000000",1,1
T17566B1,"11/05/2017 20:01:04,000000000",3,1
T11017E1,"12/05/2017 08:53:49,000000000",1,1
T10814C1,"12/05/2017 09:37:45,000000000",6,1
T11269B1,"12/05/2017 14:04:04,000000000",2,1
T10814C1,"12/05/2017 16:05:15,000000000",7,1
T17780C1,"15/05/2017 09:23:11,000000000",3,1
T10255B1,"15/05/2017 16:25:28,000000000",2,1
T11017E1,"16/05/2017 08:18:58,000000000",2,1
T19275D1,"16/05/2017 09:21:14,000000000",2,1
T11681C1,"16/05/2017 12:37:12,000000000",2,1
T16091B1,"16/05/2017 13:22:55,000000000",2,1
T16556Z1,"16/05/2017 14:21:23,000000000",8,1
T10198C1,"16/05/2017 14:34:58,000000000",2,1
T18142E1,"16/05/2017 15:22:10,000000000",1,1
T13173E1,"17/05/2017 06:07:36,000000000",0,1
T16982C1,"17/05/2017 08:26:05,000000000",1,1
T13406C1,"17/05/2017 09:07:50,000000000",1,1
T12731B1,"17/05/2017 11:15:15,000000000",0,1
T13406C1,"17/05/2017 14:48:00,000000000",2,1
T12799B1,"18/05/2017 10:20:30,000000000",2,1
T10198C1,"18/05/2017 10:58:19,000000000",3,1
T10256E1,"18/05/2017 12:11:59,000000000",2,1
T10861B1,"19/05/2017 09:53:22,000000000",2,1
T16091B1,"19/05/2017 12:32:18,000000000",3,1
T14962B1,"19/05/2017 13:57:13,000000000",6,1
T11017E1,"22/05/2017 09:07:34,000000000",3,1
T14114C1,"22/05/2017 13:55:15,000000000",3,1
T11554D1,"22/05/2017 14:54:40,000000000",2,1
T13971B1,"22/05/2017 17:56:12,000000000",1,1
T10559B1,"23/05/2017 10:53:49,000000000",1,1
T10964B1,"23/05/2017 15:05:50,000000000",2,1
T16925B1,"24/05/2017 08:46:41,000000000",2,1
T13961B1,"24/05/2017 11:34:33,000000000",1,1
T10166C1,"25/05/2017 08:20:40,000000000",1,1
T14502B1,"25/05/2017 08:32:55,000000000",1,1
T11937C1,"25/05/2017 10:07:49,000000000",1,1
T16323B1,"25/05/2017 10:21:16,000000000",3,1
T11941B1,"25/05/2017 13:07:15,000000000",1,1
T12243C1,"25/05/2017 13:31:16,000000000",1,1
T17205C1,"25/05/2017 15:15:18,000000000",0,1
T14951B1,"25/05/2017 15:44:07,000000000",2,1
T11554D1,"25/05/2017 19:06:32,000000000",3,1
T14161C1,"26/05/2017 15:00:10,000000000",1,1
T14114C1,"29/05/2017 09:32:06,000000000",3,1
T14114C1,"29/05/2017 10:21:29,000000000",4,1
T13971B1,"30/05/2017 11:30:27,000000000",2,1
T11025B1,"31/05/2017 08:27:31,000000000",2,1
T11937C1,"31/05/2017 08:42:05,000000000",2,1
T18689C1,"31/05/2017 11:31:04,000000000",2,1
T10891B1,"31/05/2017 12:39:09,000000000",1,1
T18181C1,"01/06/2017 08:23:07,000000000",2,1
T19697C1,"01/06/2017 10:57:18,000000000",2,1
T17205C1,"01/06/2017 15:23:25,000000000",1,1
T10255C1,"01/06/2017 18:10:51,000000000",1,1
T10079B1,"02/06/2017 08:13:54,000000000",3,1
T16556Z1,"02/06/2017 09:08:02,000000000",3,1
T16828C1,"02/06/2017 09:35:33,000000000",1,1
T18163B1,"02/06/2017 09:47:35,000000000",1,1
T19697C1,"02/06/2017 10:41:04,000000000",3,1
T14212E1,"02/06/2017 13:27:07,000000000",1,1
T10151C1,"02/06/2017 14:14:28,000000000",1,1
T10814C1,"04/06/2017 21:44:37,000000000",5,1
T14502B1,"05/06/2017 08:47:11,000000000",3,1
T16556Z1,"05/06/2017 13:05:36,000000000",4,1
T17076F1,"05/06/2017 14:27:05,000000000",1,1
T13406C1,"05/06/2017 15:22:49,000000000",3,1
T10409C1,"06/06/2017 10:05:54,000000000",2,1
T12392C1,"06/06/2017 11:23:28,000000000",1,1
T10957B1,"06/06/2017 16:53:11,000000000",2,1
T14114C1,"07/06/2017 09:01:48,000000000",5,1
T14114C1,"07/06/2017 09:04:14,000000000",6,1
T11269B1,"07/06/2017 10:07:45,001000000",3,1
T17015B1,"07/06/2017 10:52:26,000000000",1,1
T10957B1,"07/06/2017 12:20:37,000000000",3,1
T16556Z1,"07/06/2017 14:49:19,000000000",5,1
T18689C1,"08/06/2017 08:52:32,000000000",2,1
T17205C1,"08/06/2017 08:53:23,000000000",2,1
T18181C1,"08/06/2017 11:07:47,000000000",3,1
T16376D1,"08/06/2017 13:54:48,000000000",1,1
T16556Z1,"08/06/2017 15:20:32,000000000",6,1
T18366B1,"09/06/2017 10:07:22,000000000",1,1
T14114C1,"09/06/2017 10:13:17,000000000",6,1
T11269B1,"09/06/2017 10:13:33,000000000",4,1
T11519C1,"09/06/2017 15:16:36,000000000",1,1
T18181C1,"10/06/2017 08:48:38,000000000",3,1
T16157B1,"12/06/2017 04:40:06,000000000",0,1
T15036B1,"12/06/2017 08:18:21,000000000",1,1
T10151C1,"12/06/2017 08:46:06,000000000",2,1
T12897B1,"12/06/2017 09:20:22,000000000",1,1
T19787B1,"12/06/2017 11:21:50,000000000",1,1
T10456C1,"12/06/2017 14:40:28,000000000",1,1
T12944D1,"12/06/2017 14:56:31,000000000",2,1
T18180C1,"12/06/2017 15:10:31,000000000",1,1
T11373E1,"13/06/2017 08:12:40,000000000",1,1
T16460C1,"13/06/2017 10:04:48,000000000",1,1
T12766C1,"13/06/2017 12:55:30,000000000",4,1
T10628C1,"14/06/2017 11:33:50,000000000",1,1
T14161C1,"15/06/2017 08:18:40,000000000",2,1
T14212E1,"15/06/2017 10:11:37,000000000",3,1
T12061C1,"15/06/2017 12:23:01,000000000",1,1
T16925B1,"16/06/2017 11:18:41,000000000",2,1
T14502B1,"16/06/2017 11:40:09,000000000",4,1
T16556Z1,"16/06/2017 23:06:54,000000000",4,1
T10891B1,"19/06/2017 10:02:54,000000000",2,1
T13291B1,"20/06/2017 08:12:39,000000000",1,1
T13291B1,"20/06/2017 08:58:29,000000000",2,1
T16925B1,"20/06/2017 10:26:33,002000000",3,1
T16556Z1,"20/06/2017 12:43:59,000000000",5,1
T11345C1,"21/06/2017 10:39:22,000000000",1,1
T16460C1,"21/06/2017 11:33:23,000000000",2,1
T16964B1,"21/06/2017 11:37:59,000000000",1,1
T11246B1,"21/06/2017 15:10:50,000000000",1,1
T10256E1,"22/06/2017 10:08:39,000000000",1,1
T10594C1,"22/06/2017 10:29:51,000000000",1,1
T19275D1,"22/06/2017 14:17:46,000000000",1,1
T19697C1,"22/06/2017 14:38:18,000000000",3,1
T10594C1,"23/06/2017 13:54:53,000000000",2,1
T10005E1,"26/06/2017 08:16:59,000000000",1,1
T10891B1,"26/06/2017 15:19:10,000000000",3,1
T10220C1,"26/06/2017 16:10:59,000000000",1,1
T13146C1,"26/06/2017 16:36:39,000000000",1,1
T16552C1,"27/06/2017 08:06:07,000000000",1,1
T16925B1,"27/06/2017 09:31:38,000000000",3,1
T16964B1,"27/06/2017 11:17:54,000000000",1,1
T14207E1,"27/06/2017 12:36:56,000000000",1,1
T14212E1,"27/06/2017 15:14:12,000000000",4,1
T14924D1,"27/06/2017 15:23:04,000000000",1,1
T14951B1,"28/06/2017 08:46:03,000000000",1,1
T12944D1,"28/06/2017 15:24:49,000000000",3,1
T18327D1,"28/06/2017 15:46:13,000000000",1,1
T12944B1,"28/06/2017 20:10:14,000000000",0,1
T10130C1,"29/06/2017 09:35:01,000000000",1,1
T10220C1,"29/06/2017 09:36:17,000000000",2,1
T19697C1,"29/06/2017 10:19:45,000000000",4,1
T16091B1,"29/06/2017 14:46:41,000000000",1,1
T10005E1,"30/06/2017 09:52:59,000000000",2,1
T13154C1,"30/06/2017 10:55:11,000000000",1,1
T10079B1,"30/06/2017 11:03:28,000000000",2,1
T18366B1,"30/06/2017 12:48:01,000000000",3,1
T11707E1,"01/07/2017 11:55:52,000000000",0,1
T10891B1,"01/07/2017 14:35:37,000000000",2,1
T12061C1,"03/07/2017 08:55:14,000000000",2,1
T17780C1,"03/07/2017 09:12:05,000000000",1,1
T16556Z1,"03/07/2017 10:53:40,000000000",5,1
T16436B1,"03/07/2017 12:54:56,000000000",1,1
T17566B1,"04/07/2017 10:11:29,000000000",1,1
T12243C1,"04/07/2017 12:14:02,000000000",1,1
T16556Z1,"05/07/2017 11:14:15,000000000",6,1
T13066C1,"05/07/2017 11:15:09,000000000",1,1
T18327D1,"06/07/2017 09:18:14,000000000",2,1
T11939B1,"06/07/2017 09:53:16,000000000",1,1
T10957B1,"06/07/2017 15:55:56,000000000",4,1
T16828C1,"07/07/2017 12:01:04,000000000",2,1
T13154C1,"07/07/2017 13:09:23,000000000",2,1
T11345C1,"07/07/2017 19:07:28,000000000",1,1
T18327D1,"10/07/2017 08:31:06,000000000",3,1
T17205C1,"10/07/2017 09:36:00,000000000",1,1
T12243C1,"10/07/2017 11:18:43,000000000",2,1
T18683D1,"10/07/2017 13:51:00,001000000",1,1
T16376D1,"10/07/2017 13:53:37,000000000",1,1
T11615E1,"10/07/2017 19:59:04,000000000",1,1
T12944D1,"11/07/2017 10:21:07,000000000",3,1
T13154C1,"11/07/2017 11:20:19,000000000",3,1
T18181C1,"11/07/2017 13:45:54,000000000",1,1
T13173E1,"11/07/2017 20:32:16,000000000",1,1
T11694B1,"12/07/2017 09:17:40,000000000",1,1
T11694B1,"12/07/2017 10:20:36,000000000",2,1
T14951B1,"12/07/2017 14:54:57,000000000",2,1
T10451E1,"12/07/2017 16:19:35,000000000",1,1
T14924D1,"13/07/2017 12:02:07,000000000",2,1
T17566B1,"13/07/2017 14:32:30,000000000",2,1
T18366B1,"14/07/2017 08:20:31,000000000",2,1
T14502B1,"14/07/2017 10:31:46,000000000",2,1
T11345C1,"14/07/2017 12:04:56,000000000",3,1
T17076F1,"14/07/2017 12:33:53,000000000",1,1
T10079B1,"14/07/2017 14:51:47,000000000",2,1
T12061C1,"14/07/2017 15:05:06,000000000",3,1
T11937C1,"15/07/2017 12:03:58,000000000",2,1
T16323B1,"16/07/2017 12:12:28,000000000",0,1
T14212E1,"17/07/2017 08:21:45,000000000",3,1
T11939B1,"17/07/2017 08:40:36,000000000",2,1
T10861B1,"17/07/2017 16:01:00,000000000",0,1
T10964B1,"18/07/2017 04:28:02,000000000",0,1
T16556Z1,"18/07/2017 09:13:05,000000000",3,1
T12930B1,"18/07/2017 13:53:42,000000000",0,1
T19034C1,"18/07/2017 14:53:34,000000000",2,1
T18327D1,"19/07/2017 12:43:27,000000000",4,1
T19034C1,"19/07/2017 15:10:02,000000000",3,1
T19661D1,"20/07/2017 03:56:57,000000000",0,1
T17566B1,"20/07/2017 15:55:11,000000000",3,1
T17566B1,"20/07/2017 16:02:33,000000000",4,1
T17566B1,"20/07/2017 19:17:56,000000000",5,1
T16828C1,"21/07/2017 14:17:55,000000000",3,1
T18683D1,"24/07/2017 08:55:36,000000000",2,1
T11937C1,"24/07/2017 09:14:30,000000000",6,1
T17780C1,"24/07/2017 09:43:10,000000000",2,1
T10130C1,"24/07/2017 13:14:16,000000000",2,1
T16157B1,"24/07/2017 13:53:53,000000000",1,1
T13291B1,"24/07/2017 22:07:07,000000000",0,1
T14951B1,"25/07/2017 11:27:00,000000000",3,1
T15873D1,"25/07/2017 13:33:21,000000000",1,1
T18808B1,"25/07/2017 15:10:23,000000000",1,1
T10861B1,"25/07/2017 15:36:46,000000000",2,1
T15036B1,"25/07/2017 16:52:22,000000000",1,1
T16091B1,"25/07/2017 20:02:31,000000000",1,1
T10083B1,"26/07/2017 04:45:08,000000000",0,1
T13961B1,"26/07/2017 09:33:05,000000000",1,1
T16925B1,"26/07/2017 10:54:44,000000000",3,1
T16552C1,"26/07/2017 11:35:14,000000000",2,1
T10130C1,"26/07/2017 11:49:29,000000000",3,1
T10130C1,"26/07/2017 14:46:51,000000000",4,1
T10957B1,"26/07/2017 15:10:35,000000000",4,1
T17566B1,"26/07/2017 18:16:32,000000000",6,1
T17566B1,"27/07/2017 09:06:19,000000000",7,1
T10256E1,"27/07/2017 09:46:48,000000000",1,1
T10255B1,"27/07/2017 10:22:24,000000000",1,1
T17780C1,"28/07/2017 12:35:35,000000000",4,1
T17015B1,"28/07/2017 13:05:39,000000000",1,1
T14114C1,"28/07/2017 15:26:57,000000000",1,1
T12392C1,"31/07/2017 10:02:24,000000000",1,1
T10382B1,"31/07/2017 10:08:38,000000000",1,1
T11707E1,"01/07/2017 11:55:52,000000000",0,1
T10891B1,"01/07/2017 14:35:37,000000000",2,1
T12061C1,"03/07/2017 08:55:14,000000000",2,1
T17780C1,"03/07/2017 09:12:05,000000000",1,1
T16556Z1,"03/07/2017 10:53:40,000000000",5,1
T16436B1,"03/07/2017 12:54:56,000000000",1,1
T17566B1,"04/07/2017 10:11:29,000000000",1,1
T12243C1,"04/07/2017 12:14:02,000000000",1,1
T16556Z1,"05/07/2017 11:14:15,000000000",6,1
T13066C1,"05/07/2017 11:15:09,000000000",1,1
T18327D1,"06/07/2017 09:18:14,000000000",2,1
T11939B1,"06/07/2017 09:53:16,000000000",1,1
T10957B1,"06/07/2017 15:55:56,000000000",4,1
T16828C1,"07/07/2017 12:01:04,000000000",2,1
T13154C1,"07/07/2017 13:09:23,000000000",2,1
T11345C1,"07/07/2017 19:07:28,000000000",1,1
T18327D1,"10/07/2017 08:31:06,000000000",3,1
T17205C1,"10/07/2017 09:36:00,000000000",1,1
T12243C1,"10/07/2017 11:18:43,000000000",2,1
T18683D1,"10/07/2017 13:51:00,001000000",1,1
T16376D1,"10/07/2017 13:53:37,000000000",1,1
T11615E1,"10/07/2017 19:59:04,000000000",1,1
T12944D1,"11/07/2017 10:21:07,000000000",3,1
T13154C1,"11/07/2017 11:20:19,000000000",3,1
T18181C1,"11/07/2017 13:45:54,000000000",1,1
T13173E1,"11/07/2017 20:32:16,000000000",1,1
T11694B1,"12/07/2017 09:17:40,000000000",1,1
T11694B1,"12/07/2017 10:20:36,000000000",2,1
T14951B1,"12/07/2017 14:54:57,000000000",2,1
T10451E1,"12/07/2017 16:19:35,000000000",1,1
T14924D1,"13/07/2017 12:02:07,000000000",2,1
T17566B1,"13/07/2017 14:32:30,000000000",2,1
T18366B1,"14/07/2017 08:20:31,000000000",2,1
T14502B1,"14/07/2017 10:31:46,000000000",2,1
T11345C1,"14/07/2017 12:04:56,000000000",3,1
T17076F1,"14/07/2017 12:33:53,000000000",1,1
T10079B1,"14/07/2017 14:51:47,000000000",2,1
T12061C1,"14/07/2017 15:05:06,000000000",3,1
T11937C1,"15/07/2017 12:03:58,000000000",2,1
T16323B1,"16/07/2017 12:12:28,000000000",0,1
T14212E1,"17/07/2017 08:21:45,000000000",3,1
T11939B1,"17/07/2017 08:40:36,000000000",2,1
T10861B1,"17/07/2017 16:01:00,000000000",0,1
T10964B1,"18/07/2017 04:28:02,000000000",0,1
T16556Z1,"18/07/2017 09:13:05,000000000",3,1
T12930B1,"18/07/2017 13:53:42,000000000",0,1
T19034C1,"18/07/2017 14:53:34,000000000",2,1
T18327D1,"19/07/2017 12:43:27,000000000",4,1
T19034C1,"19/07/2017 15:10:02,000000000",3,1
T19661D1,"20/07/2017 03:56:57,000000000",0,1
T17566B1,"20/07/2017 15:55:11,000000000",3,1
T17566B1,"20/07/2017 16:02:33,000000000",4,1
T17566B1,"20/07/2017 19:17:56,000000000",5,1
T16828C1,"21/07/2017 14:17:55,000000000",3,1
T18683D1,"24/07/2017 08:55:36,000000000",2,1
T11937C1,"24/07/2017 09:14:30,000000000",6,1
T17780C1,"24/07/2017 09:43:10,000000000",2,1
T10130C1,"24/07/2017 13:14:16,000000000",2,1
T16157B1,"24/07/2017 13:53:53,000000000",1,1
T13291B1,"24/07/2017 22:07:07,000000000",0,1
T14951B1,"25/07/2017 11:27:00,000000000",3,1
T15873D1,"25/07/2017 13:33:21,000000000",1,1
T18808B1,"25/07/2017 15:10:23,000000000",1,1
T10861B1,"25/07/2017 15:36:46,000000000",2,1
T15036B1,"25/07/2017 16:52:22,000000000",1,1
T16091B1,"25/07/2017 20:02:31,000000000",1,1
T10083B1,"26/07/2017 04:45:08,000000000",0,1
T13961B1,"26/07/2017 09:33:05,000000000",1,1
T16925B1,"26/07/2017 10:54:44,000000000",3,1
T16552C1,"26/07/2017 11:35:14,000000000",2,1
T10130C1,"26/07/2017 11:49:29,000000000",3,1
T10130C1,"26/07/2017 14:46:51,000000000",4,1
T10957B1,"26/07/2017 15:10:35,000000000",4,1
T17566B1,"26/07/2017 18:16:32,000000000",6,1
T17566B1,"27/07/2017 09:06:19,000000000",7,1
T10256E1,"27/07/2017 09:46:48,000000000",1,1
T10255B1,"27/07/2017 10:22:24,000000000",1,1
T17780C1,"28/07/2017 12:35:35,000000000",4,1
T17015B1,"28/07/2017 13:05:39,000000000",1,1
T14114C1,"28/07/2017 15:26:57,000000000",1,1
T12392C1,"31/07/2017 10:02:24,000000000",1,1
T10382B1,"31/07/2017 10:08:38,000000000",1,1
T16091B1,"01/08/2017 09:16:58,000000000",2,1
T15791B1,"01/08/2017 09:42:01,000000000",1,1
T17566B1,"01/08/2017 12:23:58,000000000",8,1
T10005E1,"01/08/2017 13:43:22,000000000",1,1
T10451E1,"01/08/2017 14:03:18,000000000",2,1
T19034C1,"01/08/2017 14:53:58,000000000",4,1
T17076F1,"01/08/2017 14:57:31,000000000",2,1
T14114C1,"02/08/2017 15:22:15,000000000",2,1
T10628C1,"02/08/2017 15:35:04,000000000",1,1
T11246B1,"02/08/2017 16:25:00,000000000",1,1
T17434B1,"03/08/2017 09:18:14,000000000",1,1
T12799B1,"03/08/2017 09:20:00,000000000",1,1
T10198C1,"03/08/2017 12:26:17,000000000",1,1
T10005E1,"03/08/2017 12:44:07,000000000",2,1
T11694B1,"03/08/2017 15:51:59,000000000",3,1
T11519C1,"03/08/2017 15:56:27,000000000",1,1
T10409C1,"04/08/2017 13:43:12,000000000",1,1
T10005E1,"04/08/2017 15:47:14,000000000",2,1
T14207E1,"04/08/2017 17:05:20,000000000",1,1
T14924D1,"07/08/2017 08:01:14,000000000",2,1
T13961B1,"07/08/2017 09:39:23,000000000",2,1
T10957B1,"07/08/2017 09:55:24,000000000",4,1
T14220D1,"07/08/2017 13:34:12,000000000",0,1
T11939B1,"08/08/2017 09:53:01,000000000",2,1
T10256E1,"08/08/2017 11:56:17,000000000",2,1
T12731B1,"08/08/2017 12:35:15,000000000",1,1
T18366B1,"08/08/2017 14:03:52,000000000",3,1
T13154C1,"08/08/2017 17:14:38,000000000",2,1
T19034C1,"09/08/2017 07:59:03,000000000",4,1
T19275D1,"09/08/2017 09:33:51,000000000",1,1
T17780C1,"10/08/2017 08:58:58,000000000",4,1
T12944B1,"10/08/2017 09:32:26,000000000",1,1
T12944B1,"10/08/2017 11:12:18,000000000",1,1
T14220D1,"10/08/2017 11:47:59,000000000",1,1
T10628C1,"10/08/2017 12:46:57,000000000",2,1
T14220D1,"10/08/2017 20:41:39,000000000",2,1
T10628C1,"11/08/2017 08:35:02,000000000",3,1
T11554D1,"11/08/2017 12:29:42,000000000",2,1
T13971B1,"11/08/2017 14:03:13,000000000",1,1
T14220D1,"11/08/2017 22:15:31,000000000",3,1
T10571B1,"14/08/2017 09:00:42,000000000",1,1
T13291B1,"14/08/2017 15:34:21,000000000",2,1
T10255B1,"16/08/2017 09:45:09,000000000",2,1
T10083B1,"16/08/2017 10:41:00,000000000",2,1
T11939B1,"16/08/2017 11:54:30,000000000",2,1
T16900B1,"16/08/2017 12:32:57,000000000",1,1
T11373E1,"16/08/2017 13:36:41,000000000",1,1
T14220D1,"16/08/2017 14:58:13,000000000",5,1
T14220D1,"17/08/2017 11:37:11,000000000",6,1
T10079B1,"17/08/2017 12:16:05,000000000",1,1
T11345C1,"17/08/2017 13:34:23,000000000",1,1
T10256E1,"17/08/2017 14:06:41,000000000",5,1
T10083B1,"17/08/2017 14:54:14,000000000",3,1
T10256E1,"17/08/2017 15:05:39,000000000",6,1
T17205C1,"17/08/2017 17:07:33,000000000",1,1
T16376D1,"18/08/2017 08:18:14,000000000",2,1
T10628C1,"18/08/2017 08:37:53,000000000",4,1
T10256E1,"18/08/2017 09:58:23,000000000",7,1
T16376D1,"18/08/2017 10:30:10,000000000",3,1
T18181C1,"18/08/2017 10:53:59,000000000",2,1
T14951B1,"18/08/2017 13:57:53,000000000",2,1
T12944D1,"21/08/2017 10:04:47,000000000",1,1
T10083B1,"21/08/2017 11:00:09,000000000",4,1
T11554D1,"21/08/2017 11:47:10,000000000",2,1
T16460C1,"21/08/2017 13:08:22,000000000",1,1
T10083B1,"21/08/2017 14:34:02,000000000",5,1
T14212E1,"21/08/2017 15:17:59,000000000",2,1
T10130C1,"21/08/2017 15:22:57,000000000",4,1
T13071B1,"21/08/2017 15:37:38,000000000",2,1
T16376D1,"21/08/2017 15:52:07,000000000",4,1
T19787B1,"22/08/2017 11:07:13,000000000",1,1
T16376D1,"22/08/2017 13:01:05,000000000",2,1
T19034C1,"23/08/2017 09:32:52,000000000",3,1
T11554D1,"23/08/2017 11:18:19,000000000",2,1
T10571B1,"23/08/2017 12:00:15,000000000",1,1
T12392C1,"23/08/2017 12:51:56,000000000",3,1
T10559B1,"23/08/2017 13:04:02,000000000",1,1
T18321B1,"23/08/2017 13:55:28,000000000",1,1
T11246B1,"23/08/2017 16:04:16,000000000",2,1
T13971B1,"24/08/2017 11:50:08,000000000",3,1
T18683D1,"24/08/2017 13:48:14,000000000",1,1
T17015B1,"24/08/2017 14:15:07,000000000",2,1
T17780C1,"25/08/2017 08:53:09,000000000",3,1
T12799B1,"25/08/2017 12:03:55,000000000",2,1
T16828C1,"25/08/2017 13:03:21,000000000",1,1
T15791B1,"25/08/2017 20:49:53,000000000",1,1
T10256E1,"28/08/2017 07:32:48,000000000",6,1
T17911G1,"28/08/2017 08:26:39,000000000",0,1
T16556Z1,"28/08/2017 08:45:41,000000000",0,1
T14161C1,"28/08/2017 09:02:51,000000000",1,1
T17780C1,"28/08/2017 09:03:36,000000000",3,1
T16398B1,"28/08/2017 10:20:07,000000000",1,1
T13961B1,"28/08/2017 11:40:46,000000000",2,1
T17566B1,"28/08/2017 13:46:39,000000000",3,1
T17566B1,"28/08/2017 14:44:39,000000000",4,1
T10083B1,"28/08/2017 15:54:00,000000000",5,1
T12944B1,"29/08/2017 09:48:56,000000000",3,1
T10212B1,"29/08/2017 10:12:21,000000000",1,1
T18808B1,"29/08/2017 10:48:49,000000000",1,1
T15873D1,"29/08/2017 10:53:57,000000000",2,1
T18689C1,"30/08/2017 12:46:00,000000000",1,1
T11615E1,"30/08/2017 14:09:35,000000000",1,1
T10198C1,"30/08/2017 15:20:56,000000000",2,1
T10891B1,"30/08/2017 15:37:40,000000000",1,1
T14001B1,"31/08/2017 10:29:08,000000000",1,1
T17076F1,"01/09/2017 12:35:47,000000000",1,1
T16556Z1,"01/09/2017 12:51:12,000000000",2,1
T19697C1,"01/09/2017 15:52:18,000000000",2,1
T17205C1,"04/09/2017 08:13:02,000000000",4,1
T16157B1,"04/09/2017 08:53:46,000000000",2,1
T11025B1,"04/09/2017 09:08:23,000000000",0,1
T10079B1,"04/09/2017 10:21:55,000000000",3,1
T10079B1,"04/09/2017 11:12:40,000000000",4,1
T10212B1,"04/09/2017 12:37:30,000000000",2,1
T17015B1,"04/09/2017 15:13:09,000000000",2,1
T15150D1,"04/09/2017 17:27:08,000000000",1,1
T14770D1,"04/09/2017 17:40:35,000000000",1,1
T12944D1,"05/09/2017 08:40:05,000000000",3,1
T12944B1,"05/09/2017 08:44:39,000000000",4,1
T16157B1,"05/09/2017 09:14:01,000000000",3,1
T16900B1,"05/09/2017 14:48:43,000000000",2,1
T10079B1,"05/09/2017 15:10:42,000000000",5,1
T17566B1,"05/09/2017 15:48:43,000000000",3,1
T12897B1,"06/09/2017 02:49:18,000000000",0,1
T15150D1,"06/09/2017 11:34:14,000000000",2,1
T10005E1,"07/09/2017 10:06:29,000000000",1,1
T12392C1,"07/09/2017 10:48:29,000000000",3,1
T14114C1,"07/09/2017 14:25:25,000000000",1,1
T10256E1,"08/09/2017 10:09:59,000000000",7,1
T19275D1,"08/09/2017 13:37:48,000000000",1,1
T12120B1,"08/09/2017 15:17:37,000000000",3,1
T12243C1,"11/09/2017 08:51:13,000000000",1,1
T17015B1,"11/09/2017 09:01:02,000000000",3,1
T16556Z1,"11/09/2017 09:01:18,000000000",2,1
T16828C1,"11/09/2017 09:44:31,000000000",2,1
T17015B1,"11/09/2017 14:22:35,000000000",4,1
T10957B1,"12/09/2017 09:25:17,000000000",1,1
T10083B1,"12/09/2017 11:55:05,000000000",6,1
T16556Z1,"12/09/2017 14:49:32,000000000",3,1
T18321B1,"13/09/2017 10:59:12,000000000",2,1
T10151C1,"13/09/2017 17:23:49,000000000",1,1
T17205C1,"14/09/2017 08:35:10,000000000",4,1
T16925B1,"14/09/2017 10:02:16,000000000",1,1
T13173E1,"14/09/2017 12:43:23,000000000",1,1
T13154C1,"14/09/2017 13:10:04,000000000",1,1
T13154C1,"14/09/2017 13:13:16,000000000",2,1
T18181C1,"14/09/2017 21:05:55,000000000",2,1
T10451E1,"15/09/2017 10:15:36,000000000",1,1
T17780C1,"15/09/2017 12:16:39,000000000",3,1
T19275D1,"15/09/2017 15:10:08,000000000",2,1
T12731B1,"15/09/2017 16:18:05,000000000",1,1
T14220D1,"18/09/2017 07:50:46,000000000",1,1
T16556Z1,"18/09/2017 09:37:52,000000000",5,1
T16925B1,"18/09/2017 11:16:57,000000000",2,1
T10731B1,"18/09/2017 17:18:36,000000000",1,1
T16376D1,"19/09/2017 09:13:21,000000000",2,1
T13071B1,"19/09/2017 12:14:38,000000000",2,1
T10005E1,"19/09/2017 14:55:01,000000000",2,1
T10382B1,"19/09/2017 19:40:11,000000000",1,1
T11937C1,"20/09/2017 09:00:15,000000000",1,1
T14220D1,"21/09/2017 10:22:17,000000000",2,1
T13071B1,"21/09/2017 11:52:19,000000000",2,1
T12731B1,"21/09/2017 15:06:20,000000000",2,1
T18366B1,"21/09/2017 15:07:14,000000000",2,1
T16556Z1,"25/09/2017 08:32:53,000000000",5,1
T11937C1,"25/09/2017 09:24:07,000000000",2,1
T13406C1,"25/09/2017 10:57:19,000000000",1,1
T11941B1,"26/09/2017 10:49:29,000000000",1,1
T10571B1,"26/09/2017 15:14:19,000000000",1,1
T16556Z1,"27/09/2017 08:03:35,000000000",6,1
T16157B1,"27/09/2017 17:31:45,000000000",2,1
T17205C1,"28/09/2017 12:23:52,000000000",5,1
T16964B1,"28/09/2017 15:05:05,000000000",1,1
T10451E1,"29/09/2017 08:15:58,000000000",2,1
T10957B1,"29/09/2017 08:35:16,000000000",2,1
T14207D1,"29/09/2017 08:35:54,000000000",1,1
T16436B1,"29/09/2017 13:55:51,000000000",0,1
T17205C1,"29/09/2017 13:58:50,000000000",5,1
T10501B1,"29/09/2017 14:11:08,000000000",1,1
